内容,标签
【#米哈游商业版图# 间接持股企业超百家】近日，网传《原神》开发商米哈游2022年终奖为108薪，但遭米哈游官方辟谣。据报道，米哈游自2020年9月正式发布《原神》以来，已经累计取得了约41亿美元的收益，在全球手游营收中高居第三。除《原神》外，米哈游还出品了多款游戏产品，包括《崩坏学院2》、《崩坏 展开c,1
"【今日看盘】今日A股三大指数再次大跌，两市共成交13965亿，较前个交易日放量508亿。其中沪指下跌2.66%，收报3262.56点；深成指下跌3.14%，收报10088.06点；创业板指下跌3.79%，收报2060.44点。

24年收官是大跌，25年的第一天也迎来了开门黑。虽然假期没有利好消息，即使预期今天再怎么弱，也想不到能 展开c",1
实时播报： 【前腾讯游戏制作人加入米哈游开发新游戏？相关人士：网传不实】近日，有媒体报道称前腾讯游戏《暗区突围》制作人孙一鸣已加入米哈游，正带队开发一款新游戏项目。记者就此信息求证，据接近米哈游人士表示：消息不实。（新浪科技）,1
"星穹铁道飞霄超话
各位老师，你们好。
有关本次实装周年庆的注意事项都在里面
总结:请不要听信谣言，不要跟风，不要辱骂和诬蔑角色以及我们企划组制作的劳动成果，在有所怀疑的情况下我们将自行查证。
最后，希望第一届飞霄实装周年庆举办圆满成功，感谢各位热爱飞霄将军付出努力的人",0
"啊～（感叹腔）怎么每个人都喜欢这样说话！
“粉霞天女”怎么都得是个泰坦的化身是吧？！
终于给我逮到“造谣”的人了！
#星穹铁道日常##崩坏星穹铁道##新年游好运#",0
"要不是我读过书就真信了白厄的话😭

#崩坏星穹铁道##星穹铁道日常#",0
什么二创啊凪诚士郎本来就玩原神我都看见了我只是说出来而已什么二创又说我二创了瑶郎吗#造谣一张嘴辟谣跑断腿#,0
"原神散兵超话谁在造谣我这两张图？
那个视频断章取义没完了是吧？我什么时候道歉了？谁替我道歉了，我怎么不知道？",0
赞同！该辟谣就拿出证据辟谣好吗米哈游！所以官方要不要顺便发几十女神泪调动下大家情绪还有拜托了真的给我们夏彦小天使一个好点的结局吧现在这刀中舔糖的我要过不下去了,1
#米哈游辟谣年终奖108薪#是都没上过班吗？108薪也信 去年谣传的1600个月薪资就是P的,1
"崩铁白万超话开始一波大发散（纯造谣
《黄/金大饭店》…之前有文本提到过嘛…
本色出演？
阿雅…你为啥觉得可惜…
🦋酱…怎么有点心虚…难道是你写的同人嘛…
主角之一是卖得磨死…其他人呢？",0
"#星穹铁道知更鸟##星穹铁道2.2# @崩坏星穹铁道 假若有一双翅膀，我们便会飞向天空。
-即使，注定有坠落的那一刻。
知更鸟在哥哥的鼓励下一步一步走上舞台，即使被谣言绯闻环绕也不愿放弃，想来就是因为她的坚持和努力才让他她的歌声闻名宇宙",0
暴雪和网易的这次解约，迫使暴雪需要尽快在国内找到合作代理商，那么国内有哪些代理商能接下暴雪全家桶呢?第一个就是腾讯游戏，作为国内游戏的第一把交椅，腾讯无论是经济实力还是能力都可以接下来，但是腾讯方面表示，内被暂时没有相关消息，暴雪版权的问题建议暴雪官方回复为准，从这句话可以看出， 展开c,1
未定，没人在意你官方半夜三点辟谣，都只看你是米哈游就踩罢了，真是搞笑的舆论环境,1
"真理医生是有着紫色心情的女子(造谣)

#崩坏星穹铁道##星穹铁道2.5##星穹铁道真理医生#",0
"那艺娜艺名贝塔+大黑塔=大贝塔（传谣200%

#崩坏星穹铁道##星穹铁道大贝塔#",0
"虚假的资讯：星穹铁道EP❌
真正的资讯：翁法罗斯旅游打卡点⭕
大家都去解锁了吗？
#星穹铁道3.0##星穹铁道翁法罗斯##崩坏星穹铁道#",0
"哈哈哈哈，这就是大家上班的状态，聚众八卦，太真实了！
谣言也是挺搞笑的“混乱是被一场车祸终结的”
敢情列车组还要背锅了！
#崩坏星穹铁道##星穹铁道日常##星穹铁道2.7剧情# L逍遥哥哥__XiaoYao的微博视频",0
"【所有米家游戏一个启动器搞定】
米哈游官方发布了“PC启动器更新预告”，米哈游在文中表示《原神》、《崩坏3》、《崩坏：星穹铁道》等游戏的PC启动器将于近期进行更新，更新内容以及事项将在后续通知中详细说明。
“米哈游启动器”是一款整合了米哈游旗下PC游戏的整合启动器。更新为“米哈游启动器""后 展开c",1
"1、张兰造谣的时候闷着不说话，被封了才急着切割。

2、前几天装深情叫“老婆”，被封了才露出真面目叫“死人”。

3、在张兰干儿子直播间亲眼目睹造谣不出来辟谣，被封了才装作事先不知情。

整件事最冤的地方，是封的太晚了。如果这种品德的巨婴都能靠流量赚到钱，那这个社会也离道德崩坏不远了……",0
见识到了所谓的蹭热度，可能过段时间就删了，但也让我知道现在网络世界的乱，家长大骂游戏群众人，后续上热搜『独家专访丨崩坏3大妈骂群事件完整始末：谣言、代沟、暴力与狂欢 - 哔哩哔哩』O网页链接,0
"#米哈游将接手暴雪中国区运营系谣言#
朋友刚和我说米哈游要接盘，上来就看到辟谣😅。",1
"谁说的，诽谤啊！我怎么可能爱垃圾桶
一点秘密也守不住了……

#星穹铁道2.4##星穹铁道日常##崩坏星穹铁道#",0
崩坏星穹铁道超话 我真的🌿了，这叫达米亚诺斯的狗东西乱翻我手机散播三月谣言给我们造成多大的麻烦，不仅在大地图有图标还给我开活动任务了是吧，恶不恶心呐而且上来就给我说奖励三七分，任务我做奖励他七我三，多大脸啊,0
"#星穹铁道知更鸟##星穹铁道2.2# @崩坏星穹铁道

《崩坏：星穹铁道》发布新PV，这次的主角是我们在匹诺康尼遇到的知更鸟！
知更鸟受邀参加同谐家族的「协乐大典」进行演出，她曾在剧情中“死亡”，但小蚊子猜测她可能进入了更深层次的梦境。在这个梦境中，她要面对自己的过去，而她的选择将决定她是否 展开c",0
"【#米哈游解散CEO带队开发产品#，已研发超过两年仍未上线】
据澎湃新闻报道，11月24日，米哈游发布内部公告，宣布正式解散在研发游戏产品PJSH，对此，米哈游相关负责人称，系内部业务调整。据了解，该产品是由米哈游创始人、《原神》制作人蔡浩宇带队，使用UE5引擎研发、主打二次元开放世界射击游戏， 展开c",1
"崩坏星穹铁道超话#崩坏星穹铁道##星穹铁道日常#
“谣言止于智者”我作为开拓者再怎么懒，也不可能谁纸箱啊",0
"崩铁3.0剧情最讨厌的东西就是达米亚诺斯。
是的就是那个偷看三月七相机，宣扬谣言还不听人解释，试图致敬“伊卡洛斯”飞天未果的那个NPC。
我真不理解为什么剧情设计要救这个NPC下来，哪怕让他摔了，后续剧情救治都行啊。
搞出了一堆乱子，甚至让丹恒都降智到快崩人设了，最后剧情里一点惩罚没有，搞得 展开c",0
"崩坏星穹铁道超话#游戏233##星穹铁道2.0##某媒体称米哈游终止与原神合作#
我记得上次看到这谣言还是原神刚开服的时候，没想到又被翻出来了[花火]
什么我杀我的马剧情，黄姥爷看了都得点个赞
希望过段时间不要看到米哈游跟星铁终止合作的谣言了[流萤]",0
"【】不知道那些莫名其妙的“流//萤偷走了某角色的剧情”“萨//姆和流//萤本来不是一个人是后来强行加上去的”说法是从哪里传出来的，稍微整理了一下几个证据破一下越传越离谱的xnb。
1.流//萤建模首爆是崩铁开服一个月左右，当时还没有任何萨//姆相关信息，萨//姆首次露面是耶佩拉叛乱pv，某女角色设计 展开c",0
"#原神# #原神2.7版本# #荒梦藏虞渊#
mhy现身辟谣了关于“原神赚千亿”的传闻",1
"未定事件簿超话
小伙伴们，我刚刚去联系了米哈游的电话客服，米哈游那边客服都不知道雷雨的事，我就去投诉了一下，希望大家也可以去官方的客服反馈一下这件事。客服根本还不知道。说等官方公告的反馈。大家也都去反应一下啊！！！！",1
#多伦多# 【#米哈游商业版图# 间接持股企业超百家】近日，网传《原神》开发商米哈游2022年终奖为108薪，但遭米哈游官方辟谣。据报道，米哈游自2020年9月正式发布《原神》以来，已经累计取得了约41亿美元的收益，在全球手游营收中高居第三。除《原神》外，米哈游还出品了多款游戏产品，包括《崩坏学院2 展开c,1
"1、算力的总龙头英伟达逆势又涨了3.62%，股价达到852.36美元。
国内通用大模型初创公司MiniMax正在进行新一轮融资，阿里为其中的核心领投方。此前，MiniMax 已完成 3 轮融资，投资方包括腾讯、米哈游等。MiniMax由前商汤科技的核心技术人员创立。
从过去的案例看，阿里投资大模型公司参考了英伟达的模 展开c",1
"#米哈游启动器即将上线# 米哈游官方在米游社发文表示，《原神》、《崩坏3》、《崩坏：星穹铁道》的PC启动器将于近期进行更新，收到更新后，玩家可以选择下载安装“米哈游启动器”。

据介绍，“米哈游启动器”是一款整合了米哈游旗下PC游戏的整合启动器。更新为“米哈游启动器”后，玩家可以使用该启动 展开c",1
@吾立方动画 快说这个是你做的，再来帮米哈游官方辟谣一次吧！（上次是照搬ff14cg）,1
"hanser超话
空之律者很棒
Mzr的行为实在是看呆我了
冲hanser和糖爷的二创，还把二创冲下架了
并且有不少人在贴吧，b站评论里辱骂hanser和糖爷两位cv，用侮辱性词汇称呼hanser，比如jiser什么的，实在是看吐我了。
还有就是这些mzr不仅辱骂，还编造谣言到处带hanser节奏。 所以这叫什么？这是网暴行 展开c",0
#sana#身心崩坏？！#twice##周子瑜# solo出道的恐怖传闻？（3）#金泰亨##朴灿烈##田柾国##momo##名井南# #孙彩瑛##朴志效#O微博问答,0
虽然原神最近挺火的，但是说实话，米哈游的崩坏3玩起来感觉真的挺一般，现在年底了，#米哈游辟谣年终奖108薪#，究竟是自己放消息自己辟谣，还是真有人这么无聊呢？,1
【#米哈游否认接手暴雪中国区运营#】11月17日，随着暴雪宣布与网易不再续约，暴雪系列游戏作品在中国地区的代理成为悬念。今日午间，有市场传闻称另一家游戏公司米哈游或将接手。对此，一位接近米哈游的权威人士对上证报记者表示，这一传闻系谣言。记者注意到，米哈游自成立以来主打自研游戏，目前尚未 展开c,1
"🌟接好运！原来50W星琼的中奖界面是金色的‼️
目前第一期大奖得主已经在米游社发帖认领！
吸吸欧气，同时祝各位开拓者新年快乐
#崩坏星穹铁道##星穹铁道日常##欧皇#",0
大家不要被骗了，明明是三月七开服，请大家2024.3.7号十点准时上线抢uid #星穹铁道倒计时#,0
图一造谣完整版，图二米哈游公告，图三哈哈哈哈崩坏星穹铁道超话原神超话,0
#三角洲行动##游戏悬赏令#“崩坏3粉丝们，新季节来了， 能量满格！有人说三角洲要凉，那是谣言还是挑战？分享你的攻略，证明它的生命力吧！💪داءة新区，谁与争锋？”“” L忒弥斯前台小助理的微博视频,0
"龙...性淫...（bushi）造谣

#崩坏星穹铁道##星穹铁道1.6#",0
"#征探财经日报#
1.【融创就美元债重组向美国法庭申请第15章认证】
9月19日消息，融创于9月19日就美元债重组向美国法庭申请第15章认证，以获得美国法庭对融创在香港法庭有关协议安排重组的认可。据知情人士透露，由于融创美元债受美国纽约法管辖，因此融创在香港进行的债务重组，必须要获得美国第15章认 展开c",1
"#黄晓明在线辟谣输了十个亿##黄晓明否认输了十个亿#
2025年3月，网传“某超一线男星澳门豪赌输光10.3亿”，因部分细节与黄晓明相符，导致其被卷入该传闻。

传闻中提到男星在北京朝阳区拥有独栋别墅，在上海陆家嘴拥有顶级公寓，且资产雄厚，与黄晓明情况有相似之处。网传有“国际金融调查机构”报告显 展开c",1
『独家专访丨崩坏3大妈骂群事件完整始末：谣言、代沟、暴力与狂欢 - 哔哩哔哩』O网页链接,0
"崩坏3超话
喷子们赢了，崩3主持死了
写给崩3玩家，关注崩3超话的玩家，喷子
崩3主持彻底被喷子战胜了，他们如愿以偿，希望看到崩3超话失败，他们成功了，崩3超话已经失败了。
烂主持，破运营，已经在崩3玩家内心中形成见主持必黑的影响，他们做到了。
同时，更加有无数的谣言在网路中散播，让玩家 展开c",0
"【#米哈游商业版图# 间接持股企业超百家】近日，网传《原神》开发商米哈游2022年终奖为108薪，但遭米哈游官方辟谣。据报道，米哈游自2020年9月正式发布《原神》以来，已经累计取得了约41亿美元的收益，在全球手游营收中高居第三。

除《原神》外，米哈游还出品了多款游戏产品，包括《崩坏学院2》、《崩 展开c",1
//@闪电牌拖拉机:来龙去脉搞清了，机械师在查看故障0的时候被撞，还是不 能相3月崩坏星穹铁道超话#集龙宝行龙运# 474信谣言。,0
"崩坏星穹铁道超话
大家补要听某些人的攻略去消协或者其他线上平台举报米哈游啊，要分清主次矛盾呀！

大多数开拓者，去参加崩铁演唱会，最主要的目的是奔着“崩坏星穹铁道的周年演唱会”去的，很少很少（或者说几乎没有人）是只为了谭晶老师去听原版何者。这应该是所有开拓者的共识。

换一种说法 展开c",1
"#米哈游辟谣年终奖108薪#
回应：消息不实。

话说，大家有年终奖吗？
（好多看到是发多一个月工资）",1
"mhy回应年终奖108薪消息不实！

#米哈游辟谣年终奖108薪##米哈游商业版图#",1
"5个瓜

一，张继科公开嘲讽王楚钦淘汰出局，发文祝贺樊振东夺冠，就是在蹭热度，国乒队员没人跟他联系，好让别人都记起他是奥运会冠军，大满贯得主，让自己的培训班再火一把。

二，郭碧婷现在对老公的要求就是不要嗑药赌博就好，自己老公爱招惹已婚女性，这一点他是管都不想管，反正闹到台面上是婆婆 展开c",1
"不是啊 那网上说假唱的视频那么多营销号啥的几乎用的都是相同几个视频 同一段视频甚至时长什么的都一样 不就很明显替换掉那几条的音频然后拿出去传播 除了那几个剩下我就没见过任何人发出去任何一段其他的视频说""假唱""
官方已经发了盖章文件说不存在假唱现象。
1️⃣大摆锤又不是只有那一场有，而且我 展开c",0
"米哈游被曝年终奖发108个月薪水 官方辟谣：消息不实
近日，有传言称米哈游今年给员工发的年终奖高达108个月的薪水，官方对此进行了澄清。
传言称，现在米哈游员工共有4500人，按照底薪8000元计算，108薪就是年终奖864000元，4500个员工共计发放38.88亿元。1月12日，米哈游相关负责人回应称，消息不实。 展开c",1
"#雪梨疑似怀孕#认了恋情！赵一博旧照曝光人设崩坏,站姐深夜关站!女友疑似已怀孕
赵一博被曝恋情后，其团队曾试图用影视资源让爆料人成果闭嘴。随后，赵一博多个大站，包括粉丝人数最多最大的站姐，都发文关站脱粉。

1. 赵一博人设崩塌
赵一博曾经在节目中强调自己致力于性教育，然而网友爆料他只 展开c",1
"#星穹铁道2.2##星穹铁道日常##爱游引力#
他宝贝了个腿，这波提欧素质有待降低。

“笑死了，这帮傻宝编的故事越来越离谱了，还说巡海游侠全部都被原始博士变成长臂猿了，正在哪个山沟里荡秋千呢。” L七月的秋禾的微博视频",0
"【厄敌】奥赫玛爱欲残卷（R）

造谣和分手炮。
红白同名 其他见评

崩铁白万超话#厄敌#",0
"崩坏星穹铁道超话#星穹铁道日常##崩坏星穹铁道##游园集结令#
一番赏第二弹明年第一季度上，第一弹9月20号会再贩
这次的A赏是黄泉双形态毛绒玩偶 嘻嘻和不嘻嘻款，B赏砂金的帽子和眼镜都是可拆的
F赏有黄泉双形态、大小砂金、真理和石膏头款的收纳包
终赏是挂着腰包的卡卡瓦夏",0
"谣言的诞生

崩坏星穹铁道超话 #崩坏星穹铁道#",0
"🦈鲨熙熙的日常

所以吃红土是什么翁法罗斯人的必备经历吗

一想到那刻夏曾经相信过这种谣言就想笑那刻夏看来曾经想长高长壮过hhhhh

#崩坏星穹铁道##星穹铁道3.1##星穹铁道日常#",0
【恋与深空抄袭最终幻想？战斗系统抄袭崩铁？你要不看看你在说什么？】,0
"飞霄藿藿之背后灵（造谣）

#崩坏星穹铁道#",0
"崩坏3超话cosplay超话#二次元cos大赏#
谁和你说我的驾照被吊销了？
#布洛妮娅#",0
"#星穹铁道攻略# #星穹铁道2.4# 崩坏星穹铁道超话
辟谣！那些崩铁大佬用来骗小萌新的鬼话 Lboyue游戏达人的微博视频",0
"崩坏星穹铁道超话【#星铁内鬼公开致歉#】企查查APP显示，近日，法院刊登陈某向上海米哈游影铁科技有限公司公开致歉的公告。#测试玩家就泄露米哈游游戏内容致歉#
公告显示，陈某在未取得米哈游许可的情况下，通过本人QQ账号泄漏、传播了米哈游尚未公开的游戏内容，给米哈游以及《崩坏：星穹铁道》游 展开c",1
"真理医生是一名妩媚的女子（造谣）

#崩坏星穹铁道##星穹铁道真理医生#",0
"崩坏星穹铁道超话#星穹铁道椒丘##崩坏星穹铁道#
造谣一些男美人",0
"这本关于皮皮西的一百个事实

应该叫关于皮皮西的一百个谎言吧

#崩坏星穹铁道##星穹铁道2.6##游园集结令#",0
"崩坏星穹铁道超话#崩坏星穹铁道##星穹铁道攻略##游园集结令#
星天演武仪典特别邀请篇——铄金！
铄金取自【众口铄金】，意思是众人的口像熔炉一样，连金属都能熔化。形容舆论力量巨大，也比喻谣言多使是非混淆。

这次战斗偏向于剧情化，卢卡初次遭遇舆论战，深陷漩涡，这是他比赛中难以避 展开c",0
"就这个米乙爽！
是的，我玩未定事件簿（上台）（整理衣服）
没想到周年庆的大活动会有这么多和原崩铁联动的元素！看的时候“喂你们三家在这联动呢”还有评论区各位姐姐妹妹的周年快乐祝福
看来米哈游在用事实辟谣“未定被开除米籍”这件事！！

#未定事件簿##未定事件簿爱如初见##爱让我们无所不能#",0
"#米哈游启动器# 启动

米哈游官方今日发文表示，将推出PC端整合启动器，《原神》《崩坏：星穹铁道》《崩坏3》等游戏都将被整合在启动器中，待未来更新后玩家可通过启动器直接运行各款游戏。#米哈游启动器即将上线# #游戏新星媒体扶持计划#",1
"《原神》无法打败《崩坏3》，谣言和成见可以

资讯来源：游侠网

没想到，因为同社产品《原神》的接班和爆火，已经被不少玩家视为“dead game”的《崩坏3rd》，居然也有在话题讨论热度上“焕发第二春”的机会。

以至于我在NGA的手游瓜版吃个其他游戏的瓜，都能见到警察出警，《崩坏3》这波是真 展开c",0
"#原神##米哈游辟谣FES定档#
网传原神FES2025将在8月21日举行。2月20日，原神官方账号“派蒙的工作笔记”发布动态进行否认。
在评论区，派蒙还表示“期待下次可以在下雪的日子里与大家相见”。
有玩家猜测是在说今年FES将在冬天举行，也有玩家猜测FES会在至冬版本上线之后举行。
坏消息：FES辟谣了；好 展开c",1
什么？传出丹恒sp新形态谣言快来我还可以再大战一轮,0
"崩坏星穹铁道超话#崩坏星穹铁道##星穹铁道攻略##星穹铁道2.7剧情#

——书接上回📚

知更鸟跟翡翠女士“密谋”，翡翠救出星期日，代价不详。如万维克（one week） 所言：“无价才是最贵的~💰”

星期日出逃，让各大家系之间谣言也扑朔迷离，也让家系们更加团结（？）
猜想，慈玉女士已经上下 展开c",0
"09月20日早间新闻精选
1. 绕道减持？利益输送？证监会最新回应！这一规则将进一步论证评估
2. 投资者请注意！基金中报现“补丁”大战，已有超60只基金发更正公告
3. 共套现3.1亿港元！王兴连续四天减持理想汽车，官方回应了
4. 刘伟接任米哈游董事长“创始人蔡浩宇将投入更多精力在前沿科技”
5. 展开c",1
#崩坏星穹铁道##游戏悬赏令#星穹铁道热议中：花火的纯真岂是谣言可撼？黑子失算，反成笑柄。 看来大家对花火的热爱，比宇宙星辰还要炽烈！ 😂 L舰长待机中的微博视频,0
"#崩坏：星穹铁道#崩坏星穹铁道超话 @帕姆的收藏夹

《崩坏：星穹铁道》x 一番赏 第二弹企划公开~

黄泉、砂金、真理医生、卡卡瓦夏以高人气POTEPOTTE一番赏坐姿毛绒形态登场~~划重点！！黄泉毛绒玩偶将有两种形态可供选择；砂金的帽子及眼镜都可摘；更有超多细节期待与您见面哦~

本次一番赏还将引 展开c",0
#原神小米服务器停运# 米哈游旗下游戏《原神》今日发布公告，由于其与小米服务器合作运营的策略调整，《原神》小米服务器即将关闭停运。为了防止给玩家带来损失，确保正常的游戏体验，旅行者可将小米服务器的账号数据转服至官方服务器 (天空岛服)。具体的转服细节将于11月20日由米哈游官方公布，玩家可 展开c,1
"银河球棒侠:服了，是谁在传我的谣言啊

我什么时候要刺杀阿基维利了
#崩坏星穹铁道##星穹铁道2.5##游园集结令#",0
大黑塔加黄泉就三路通解了，都是半自动过的，之所以是半自动，就是要手动放加拉赫的大招，不然他可以把大招捏到全员阵亡，之前不是说有一路深渊是要开给巡猎的呢，是哪一路，我怎么没看出来难道我听的是谣言,0
"原神超话#原神5.4版本#

官方小派蒙针对近期网传的2025原神FES展会信息进行了紧急辟谣⚠️",0
"崩坏星穹铁道超话这几天磨洋工才把这个任务做完，觉得这位网友说的话狠狠戳到了我。
在最开始尚未完全了解她的故事时，我其实是想抓住她的手的，因为她有才华，也曾不甘被命运愚弄，她是想要改变的，所以我愿意、我也想做推她一把的那个人。但到了故事的最后，我发现她经历了好多苦难，父母的不理 展开c",0
"崩坏星穹铁道超话 恭喜星期日先生在该梗图中完成反杀（

原图在p2，趁版本没更新紧急造谣#星穹铁道星期日##崩坏星穹铁道##星穹铁道砂金#",0
"【#米哈游商业版图# 间接持股企业超百家】
近日，网传《原神》开发商米哈游2022年终奖为108薪，但遭米哈游官方辟谣。据报道，米哈游自2020年9月正式发布《原神》以来，已经累计取得了约41亿美元的收益，在全球手游营收中高居第三。除《原神》外，米哈游还出品了多款游戏产品，包括《崩坏学院2》、《崩 展开c",1
疑似星期日pv抄袭官方滑轨道歉？（假）#星期日 #崩坏星穹铁道#在第八日启程 #星穹铁道星期日#崩坏星穹铁道超话#,0
"【秦始皇的生父到底是吕不韦还是嬴异人？】

嬴异人。

01

首先，秦始皇的母亲赵姬并不是单纯的舞姬。
她很可能是吕不韦当时的姘，拼，拼单女友。
因为史记明确记载，秦始皇作为嬴异人留在赵国的子嗣，之所以能够逃出生天，不是嬴异人有良心，留下了什么高人保护。
而是赵姬出身豪门，祖龙的外祖将自 展开c",0
"崩坏星穹铁道超话#星穹铁道二创##星穹铁道2.0##崩坏星穹铁道#

【砂金养成】【要不要专武】
砂金保不住人？谣言！随便养养都能打 L有悠-穹轨版的微博视频",0
不是…继造谣我收了网易的钱之后又有人问我要米哈游的联系方式了吗在此再次澄清一下，我真的与这两家游戏公司没有任何额外的关系，我只是一个普通的未定、绘旅人双坑开服玩家罢了，不要再试图联想发散找出其他关系了哈哈哈笑得好晕…,1
"【#米哈游商业版图# 间接持股企业超百家】

近日，网传《原神》开发商米哈游2022年终奖为108薪，但遭米哈游官方辟谣。据报道，米哈游自2020年9月正式发布《原神》以来，已经累计取得了约41亿美元的收益，在全球手游营收中高居第三。除《原神》外，米哈游还出品了多款游戏产品，包括《崩坏学院2》、《崩 展开c",1
"原神散兵超话
有一种说法是，米哈游让内鬼先放出消息来试探玩家能不能接受风散，所以散厨们别妥协啊！还有好几个版本咱们争取一下还有机会的！内鬼消息不能全信咱们跟着官方走！官方从来没有透露出任何散兵是风系的迹象甚至有一点辟谣的趋势！所以大家别信风散别妥协风散啊！",1
"今天，米哈游官方正式发布公告，《云·原神》PC版正式开启公测，所有用户均可直接下载尝试。与其他第三方平台的云游戏一样，《云·原神》对硬件设备没有什么要求，只要网络连接流畅，即便是配置已经全面落伍的电脑，也能顺利以一个较高的画质运行游戏。感兴趣的朋友不妨体验一下。

#潮玩生活##游戏# 展开c",1
6368【灰原哀粉丝干传销去吧】这里只有p1是真的，其他都是可以证伪的。灰原哀的大粉为了巩固粉丝继续给灰原哀花钱，造假表(P4)P假图(P2)投yxh(p3)，你们还能再离谱一点么？我们给毛利兰投票是因为爱这个角色，我很难相信人设崩坏、虚空是什么让让你们十年如一日地盯着女主造谣生事？,0
崩坏3超话收徒弟了，只能是官服了，上次面试的2人都是渠道服的太尴尬了，另外也支持辟谣和解惑。（对线对出来的，摊手。）有必要的话，也支持连麦诉苦和战略讨论。,1
【腾讯回应天美暂缓NXS项目研发：为不实消息】4月24日，有消息称，腾讯天美工作室对标米哈游《原神》的游戏项目“NXS”，已经被暂停开发。整个团队目前已转向另一个二次元游戏项目，原项目负责人贺甲也已转岗。对此，腾讯方面向《科创板日报》回应称：为不实信息，项目还在正常推进中。据悉，该项目负 展开c,1
"这狮头怪吓人的，突然开始说话了！
还挺八卦，想要悄无声息的从我们嘴里扒故事！不可能！
多亏万敌的威压才能顺利解决“谣言”！
#星穹铁道日常##崩坏星穹铁道##新年游好运# L逍遥哥哥__XiaoYao的微博视频",0
"是谁在造谣我和砂金起冲突了？？我请问呢卡卡瓦夏只是有点小脾气
等我下半拿下砂金看你有什么好说的

#星穹铁道2.1##星穹铁道日常##王牌游戏创作官#",0
"崩铁理砂超话#理砂# 是2.0剧情的插曲造谣
是帮@终终终辞 代发",0
"《罗浮体育报》！
紧跟时事热点（小镇做题家）
小镇青年的逆袭，『石心十人』爆冷出局！
小镇青年的赛后感想，击破谣言紧跟其上
#崩坏星穹铁道##星穹铁道日常##游园集结令#",0
崩坏星穹铁道超话刚b站首页给我推的一堆节奏视频，点开发现现在的节奏属于是越来越蠢了为了赢一半至于吗，顺便@米哈游法务部 有人造谣,0
"崩坏3超话辟个谣吧，今天逛社区好多人传这张图的，都说什么双生要过气了，看得心累
辟谣：这张图是3.5版本测试服的更新公告，目前4.0测试服没有任何关于双生的消息
而且空无超限可能会对双生物理天花板的地位产生一点影响，但过气绝对不可能，超限武器的初衷是让一些过气角色有能上场的机会，有几 展开c",1
【#米哈游辟谣年终奖108薪#：该消息不实】近日，有传言称，米哈游今年给员工发的年终奖高达108个月的薪水。1月12日，米哈游公司回应：该消息不实。#米哈游商业版图#O网页链接 L七环视频的微博视频,1
"瓜🍉
1.《女子推理社》几位女星录节目都玩的很开心，录完节目互相都送了小礼物，几个人也有单独的聊天群，但因为最近没什么一起工作的机会，所以倒也没有组织过聚会。

2.檀健次网传那个什么白富美女友，是去年的事儿。

3.乃万全国各处跑音乐节，赚钱一点都不比专业歌手好。

4.TFBOYS团站的关闭就 展开c",1
"我不仅玩崩坏3和未定，我还玩原神。游戏质量好我就能玩，ch喂shi我可以不吃。
还有，原神没抄（不然不可能登录switch，你以为任天堂法务部吃素的？），未定也没抄（就抄袭帖转发千千万，辟谣帖无人关注呗）。
顺便，我是未定米卫兵（莫弈生日限定），崩三米卫兵（四周年限定），原神看9.28公测（笔记本 展开c",1
"《惜缘1068：给没出壳儿的特别偏执的那个讲解，你们把“他人内心中的恐惧当成生产力”这个方式，使用到乱七八糟、毫无效果的原因。这个方式很适合用到你们身上的原因。短评》（文/聂昱冰）

“①理论上说，每个人内心中都有自己会恐惧的事。惊悚片就是尽可能去还原、碰触观众对自己内心中已知的、未知 展开c",0
"崩坏星穹铁道超话#崩坏星穹铁道##星穹铁道日常##超话创作官#【悬锋城辟谣】
悬锋人的字典不会真的没有字吧！
哦，有！都是……,没有战技点是真的",0
"崩铁文案组怎么做到朱明目前就出来三个角色，怀炎特权阶级包庇孙女，孙女云璃绝世大沙皮一个，灵砂一股子谣棍堆里长大的若智到了新工作地点不了解剧情情况首先对上司发疯
不是你朱明仙舟的地方特色是听其他仙舟的谣言到别人地盘上秀优越感进行一个发疯吗？",0
#崩坏星穹铁道#都来说说看你在崩铁中2024年听说过最大谎言是什么？,0
#cos##崩坏星穹铁道##游戏悬赏令#谣言止于智者，某些言论比虚构世界还离奇。别让偏见蒙蔽眼，亲自体验才是真。列车已出发，一起探索真相！ LSky光遇搬运君的微博视频,0
"米哈游辟谣：年终奖108薪不实

1月12日早间，就网传“年终奖108薪”的消息，米哈游方面回应，相关消息不实。",1
854【造谣】忍哼PV【无处可逃】上线！ L你捅我我捅你无尽追逐甜蜜蜜剧院的微博视频,0
"看得出来那刻夏老师是真的大地兽激推呢

谈及大地兽的场合哪怕是谣言也现身了

#崩坏星穹铁道##星穹铁道3.1##星穹铁道日常#",0
"#4人造谣成都天价拆迁款被处罚#

非常让人绷不住，偏偏就是这种谣言能带动某些金融原神玩家真金白银地往里跟进…",0
"崩铁停服7天送1860星琼？你还真信了啊，不是送50万星琼么
#崩坏星穹铁道##星穹铁道日常#",0
【#米哈游辟谣年终奖人均逾86万# ：不实】#米哈游回应年终奖108薪# 近日一个传闻刷屏：上海米哈游被爆出2022年年终奖将发108个月薪。1月12日上午，新黄河记者致电米哈游，对方表示：“非常感谢关注，网传信息为不实消息。”详戳：@济南时报 O年终奖108薪，人均逾86万？米哈游回应：不实,1
"原神散兵超话

关于近期生日筹备流言的公告

各位散厨下午好，距离散散生日已过去二十余天，生贺组也将在收尾工作结束后，进入休整期，为此，在为期两个月的休整前，生贺组决定对近期的一些言论予以声明反馈，以正视听。

自始至终，生贺组都是散兵/流浪者的生贺组，是喜爱散兵/流浪者的人群的生贺 展开c",0
"【#微博辟谣#丨3月谣言盘点】 @微博辟谣 @捉谣记  联合为您盘点3月热传网络谣言：米哈游给角色周边销量全造假？米哈游自充🌿销量？景元乃崩坏星穹铁道男一号？#米哈游自充##米哈游销量造假#
请大家明辨真假，不信谣，不传谣。遏制谣言传播空间，净化网络生态环境。一起来看看真相↓#捉谣记# 展开c",0
#米哈游商业版图#【#官方辟谣米哈游年终奖108薪保底86.4万#】近日，有网传消息称《原神》开发商米哈游今年年终奖108薪，假设按底薪8000元计算，108薪年终奖约为86.4万元。对此，米哈游方面回应称，网传消息不实。在2021年底时，米哈游也曾被曝出抽奖奖品清单，显示最高奖项为1600个月工资，但此后证实 展开c,1
"#星穹铁道知更鸟##星穹铁道2.2# @崩坏星穹铁道

《崩坏·星穹铁道》中的知更鸟：展翅飞翔的梦想与和平的使者🕊️🕊️

假若有一双翅膀，我们便会飞向天空
—即使，注定有坠落的那一刻。
不必贪恋永恒，不必畏惧刹那。

《崩坏：星穹铁道》千星纪游PV：「假若有一双翅膀」己发布🎉🎉
在《崩坏· 展开c",0
原神超话 从事《原神》凝光、《崩坏3》八重樱、《虚荣》瓦妮亚等多名二次元角色配音的杜冥鸦，因为被二次元魔怔人造谣生事，差点丢了饭碗。塌房后她消失匿迹半年多，默默收集证据向法院走程序，又美又飒的姐姐太强了！！,0
#崩坏星穹铁道##游戏内容风向标##游戏悬赏令#【解密河马服】虚数战场，纯色技巧，0T神操作，不是谣传那么简单！智者识破迷雾，来聊聊的真正秘籍。游戏高手在哪里？破解谣言，展现实力！ L迷酱事务所的微博视频,0
"【#米哈游新游戏禁止7岁以下充值#】快科技7月4日消息，今日，米哈游自研游戏@绝区零 开启公测，相关话题登上微博热搜。
开服后，《绝区零》发布防沉迷系统公告，对未成年人充值、在线时间进行了约束。
官方表示，《绝区零》积极响应国家新闻出版署印发的《关于进一步严格管理 切实防止未成年人沉迷网络 展开c",1
椒丘这么帅，怎么会有人说他普通啊 最近有谣言说很多人不愿意做椒丘的修狗，澄清一下那绝了#崩坏星穹铁道# L王者老闫的微博视频,0
"7652
【】能不能别营销号听风就是雨我有点厌蠢了 1.减疗是加减法奶妈穿治疗衣治疗套一样回血 2.角色自身被动回血不受影响，点刀可以给自己回血 3.音乐用三个点只扣一次血因为是一次结算，大招给的逆鳞不扣血 4.属性冰雷量子，有对应弱点的c对上弱点比啥都强",1
"崩坏3官方超话 #伐罪逐影#
★《崩坏3》PC启动器更新说明★

亲爱的舰长：
《崩坏3》PC启动器将于2024年6月17日更新至「米哈游启动器」，请舰长留意启动器相关的更新推送。

>>更新时间
2024年6月17日11:00

>>什么是米哈游启动器
「米哈游启动器」是一款整合了米哈游旗下PC游戏的整合启动器。更 展开c",1
"【厄星】又是岁月花落时
终于赶走白情还有一个多小时就结束的时候写完了，内容有我对盗火行者的造谣#崩坏星穹铁道##厄星#",0
"我们怀着各自的目的来到这里，又以意想不到的方式实现了它。敬不再沉默的历史、热烈而勇敢的奔赴，和通往群星的旅途。敬盛大的邀请函、所有的谣言和唯一的真相……敬诺康尼的过去、现在、未来...和稚子至死不渝的梦。
崩坏星穹铁道超话义无反顾地踏上旅途吧，走在「开拓进行时」的无名客。",0
"【#米哈游商业版图#涉及广阔，间接持股企业达104家】
据站长之家消息，近日，网传《原神》开发商米哈游2022年终奖为108薪，但遭米哈游官方辟谣。

据报道，米哈游自2020年9月正式发布《原神》以来，已经累计取得了约41亿美元的收益，在全球手游营收中高居第三。

除《原神》外，米哈游还出品了多款游戏 展开c",1
"原神魈超话冒泡！
近朱者赤，近你者甜
落叶归根，我归你
你上辈子一定是碳酸饮料吧，不然为什么我一看到你就能开心的冒泡。
最近有谣言说我喜欢你，我要澄清一下，那不是谣言。
我是九你是三，除了你还是你",0
原神散兵超话拿去年的图断章取义造谣是今年的节奏吃黑流量，还有8w人点赞大家可以举报一下dy号44340406690,0
"星穹铁道景恒超话
于是就这样开始造谣.jpg
将军洗完澡出来会看到的一些画面",0
"#米哈游辟谣年终奖108薪#原神的业绩，这点提成还是应该有的，不过底薪8000有点假。

按提成和原神团队的人数来算，人均百万年薪肯定有，108薪水至少得中游管理层水平了。",1
#游戏悬赏令#未来1999，时光穿越的谜题？听闻韭菜热议，谣言源头竟自我笔下？揭晓真相，谁解时间之谜？ 等你来探。,0
"崩坏星穹铁道超话#崩坏星穹铁道##星穹铁道日常##星穹铁道万敌#
解决流言的路上也是遇到万敌了，爱八卦吃瓜的真言狮口果然还需要狮子一般的男人来制裁这下老实了吧hh L微光逸影的微博视频",0
1299逆家解，如果你们执意用那张鬼图和“大天堂鸟”到处去舞卡维官设是出轨渣男，那么我将以毒攻毒约一张精美的铜仁图到处去舞卡维是“呼玛鸟”，所以官设是双杏，你们骂我我就说这是基于官设的合理发散，你没有办法证明卡维没/批，官方并没有说卡维没/批，我不是泥角色只是考据，你不服可以等米哈游官 展开c,1
"这就是造谣一张嘴，辟谣跑断腿吗

这个任务一直在找人啊

#崩坏星穹铁道##星穹铁道2.7##游园集结令#",0
"崩坏星穹铁道超话#崩坏星穹铁道##星穹铁道日常#
不知道有没有开拓者真的在期待这个电影，毕竟上面明说了时间为4小时1分，而那天是愚人节",0
"游戏大佬第一次被金融系统毒打

今天金融系统发生很多诡异的事情，颠覆认知。

此前被赋红码、无法取钱的开封新东方村镇银行突然回光返照，在昨天中午开通线上交易系统。

开通时间12：41-12：56，刚好15分钟。

这15分钟，难道是人情世故的15分钟？想起了被慈禧抄家时候的胡雪岩。

那时他已经破产了 展开c",1
"下午被人分享了一些聊天记录，因为不在群里所以很好奇发生了什么，稍微看了几张图片了解了事情的概况，刚才也认真的看了两遍的说辞。我有件事情想分享一下。
首先，对于rz这件事情我不站队，我不支持任何一方，粉丝就是粉丝不用分什么等地，每个人有自己喜欢的方式，关注的人发了我不喜欢看的我会选 展开c",0
"椒丘你怎么不去当说书先生🤣🤣这是假的另一个也是假的！

#星穹铁道2.4##星穹铁道日常##崩坏星穹铁道#",0
"【#米哈游公告打击游戏私服#：#米哈游配合司法连破六起私服刑案#】
10月30日，米哈游官方微信公众号发布公告。公告提到，米哈游与公安执法部门紧密合作，成功打击了《原神》《崩坏：星穹铁道》等游戏私服，一举破获六起私服刑事案件，关停了包括“诛仙私服”在内的6处私服服务器，16名犯罪嫌疑人已被采 展开c",1
#崩坏星穹铁道##砂金##游戏悬赏令#🚀【星穹铁道】驳斥谣言！🚀 食堂菜单：毗乃昆尼末法宇宙，砂金烹调的保镖料理，震撼味蕾！🎵 听，流萤闪烁间，是《ヒステリックナイトガール》唤醒星际旅程！🚀 砂金护卫队 星核猎手传说 L星河猎手小弟的微博视频,0
#姜广涛#一眼假好吧未定事件簿2周年特别直播15号，姜sir都在你告诉我13号他被带走了？老米游玩家都知道米哈游的直播只要有大伟哥的绝对不可能是录播，更何况未定客服都肯定了15号是直播的事实还有人搁那说录播录播吓得我还以为姜sir塌房了结果原来是造谣，还造这么低级的遥,1
#米哈游辟谣年终奖108薪#@崩坏3 终焉的特写加上！,1
【#米哈游辟谣终奖发108个月薪水#】 近日，有传言称，米哈游今年给员工发的年终奖高达108个月的薪水。传言称，现在米哈游员工共有4500人，按照底薪8000元计算，108薪就是年终奖864000元，4500个员工共计发放38.88亿元。1月12日，米哈游相关负责人回应称，消息不实。（澎湃新闻）,1
辟个谣，我过了剧情，压根没看到这段有写数字。而且重比也是因为两人谁也不服谁，于是干脆俩人打了一架，根本不是继续斩丰饶孽物。崩坏星穹铁道超话,0
#崩坏3# 这波节奏被带得不冤枉，但是... O《原神》无法打败《崩坏3》，谣言和成见可以,0
"山河旅探官方在评论区澄清 同名纯属巧合，无交集也不认识，时间也对不上，对此微博作补充说明。

〔甚至别的游戏里面只要是米哈游投资的也有米哈游员工的皮套 比如 山河旅探的男主角

与米哈游一位高层领导同名，该领导曾经是LGBT活动家 现在是绝区零全球PR负责人

去b站搜索john shen的时候看到的第 展开c",1
敖丙传超话吐槽一下这个抹黑敖丙传的视频，这个视频全程黑屏，一个图都没有放出来，但凡看过漫画就知道，敖丙传是哪吒魔童降世的前传，也就是说它是从小时候讲起的，敖丙传和魔童降世是不同的时间点，1岁的敖丙和3岁敖丙修炼程度是不一样的，哪怕是孙悟空也不可能从石头蹦出来就大闹天宫吧？把他在 展开c,0
"《原神》无法打败《崩坏3》，谣言和成见可以
没想到，因为同社产品《原神》的接班和爆火，已经被不少玩家视为“dead game”的《崩坏3rd》，居然也有在话题讨论热度上“焕发第二春”的机会。

以至于我在NGA的手游瓜版吃个其他游戏的瓜，都能见到警察出警，《崩坏3》这波是真的火出圈了
说实话，不 展开c",0
"睡了不到两个小时看见这些 发现莫名其妙的恶意已经发散到这种程度的时候 很难受也觉得很不对劲
1.在节目里算上站桩全程九分钟左右的镜头
首先从一个莫名其妙的造谣repo为开始
到kol给它带热度开舞
很快联动到四个平台拿这个点开始抱团
紧接着就是昨晚那个很奇怪的xx粉丝禁止＿＿＿的rs

2.前后关系 展开c",0
"诽谤啊，我不认🌚该撇清关系就撇清

#崩坏星穹铁道##星穹铁道日常##超话创作官#",0
"未定事件簿超话 大半夜又看到什么阴间东西过千转，真就每次测试前都有人来带节奏呗。惨，阿未太惨了。自从国产游戏黑暗降临以来，这种节奏老米卫兵已经见怪不怪淡定吃瓜了，新来的姐妹可能没见过。就别生气，别对线，开开心心玩男人就好，不和口嗨怪讲道理。
分享一个疯魔的反抄斗士瓜吧：有up剪辑 展开c",1
"#阴阳师有自己的星熊铁道##崩坏星穹铁道#
什么破谐音梗，还以为两个游戏联动了。。。谁起的
那就来看下我们超绝砂金宝宝吧",0
"米哈游方出来辟谣，称网传消息不实！

#米哈游辟谣年终奖108薪##米哈游商业版图#",1
"#原神5.0版本##原神5.0版本原摄#
悬木人“公认”的小可爱组合！！！
旅行者传的谣言
#原神基尼奇#",0
"崩坏3超话 造谣一张嘴，辟谣跑断腿
「节奏带了一个多月了，越来越离谱」
如果各位感兴趣，不妨试试知乎悬赏贴（谢绝魔怔人）
O知乎用户: 为什么米哈游就是迟迟不回应？ - 知乎
「证明外服福利高，悬赏金额1296r」
「证明国福福利高，悬赏金额976r」
感谢「千企」发起的悬赏贴，以及后续跟贴发悬赏的兄弟们",1
"原神散兵超话
【再次严正声明】
原神散兵超话
【再次声明】
1、净琉璃人偶橱窗与生贺组的关系?
净琉璃人偶橱窗在2023年2月20日正式开始运营，简称主页、橱窗，日常为流浪者同人转载，官方资讯转载，与生贺组【不是】同一个组织，净琉璃人偶橱窗不隶属于生贺组，且有自己独立的管理组、运营 展开c",0
@崩坏3 #崩坏3# 《【汇总】版本更新完成！看看更新内容，你都注意到了吗？（文末辟谣）》本文首发于公众号：崩坏3情报室转载请注明作者：崩坏3情报室更多内容请关注微信公众号 O【汇总】版本更新完成！看看更新内容，你都注意到了吗？（文末辟谣）,1
#微博辟谣# 侮辱vivo手机，侮辱崩坏3游戏，因为大人的不作为，小孩充钱而怪手机怪游戏，评论但凡指出，博主就说是游戏的推销员。并且博主含有人身攻击。博主抨击崩坏3这款游戏，拿出的充值记录单却不是崩坏3，明显是想给崩坏3这款游戏抹黑 .,1
"遐蝶不是我们崩三希儿的同位体我再说一遍
不要为了热度刷希儿了！！！绷带+镰刀谁告诉你肯定就是希儿了不是我们希儿希儿希！
再这么刷我将讨厌遐蝶",1
"原神超话 “说的跟真的一样，信这些不如信岩王爷是史莱姆”，钟离莫名躺枪
#原神5.3版本##原神海灯节#",0
"景刃超话#景刃#
摸鱼短打一则，p1简介p2正文",0
崩铁理砂超话 就这样造谣，黄色领带是谁挑的我都不敢猜,0
"【#米哈游商业版图# 间接持股企业超百家】近日，网传《原神》开发商米哈游2022年终奖为108薪，但遭米哈游官方辟谣。

据报道，米哈游自2020年9月正式发布《原神》以来，已经累计取得了约41亿美元的收益，在全球手游营收中高居第三。除《原神》外，米哈游还出品了多款游戏产品，包括《崩坏学院2》、《崩 展开c",1
"今天从朋友们的八卦中得知了很多关于自己的古怪传说马德笑了一天~应朋友们要求来做点...澄清？

1“白老师”不是一个人，而是一个组织。
感谢对我工作效率的认可，虽然我的工作范围涵盖了绘画、摄影、模型等多个方面，但真的是我一个人在做，感谢帮我把工作安排得井井有条的助理姐姐。

2 展开c",0
说起来这件事我真是气的不行了😓生日应援二次元首例这几个字到底有什么问题？有哪家生日应援做过吗？我们说错什么了？你官方改口成生日应援我立正挨打，可你们官方根本不是。马上过生日懒得理你们结果蹬鼻子上脸到处造谣我家生贺，一个压根没上的大屏也能拉来造谣。骂你糊b竟然还能拉崩铁原神出来什 展开c,0
此前海外玩家发现《原神》的官方视频简介曾将“Nintendo Switch”从游戏支持平台中移除，“《原神》Switch版停止开发”的传闻出现。近日，在回答海外媒体GoNintendo提问时，米哈游间接否认了这一传言，表示《原神》Switch版仍在开发中，并“会随开发进度公布更多信息”。,1
到底从哪传出来丹恒看似沉稳实际冲动不靠谱的谣言的，一群人揪着丹恒在匹诺康尼要用结盟玉兆说事，真的很无语，在不知道黄泉移交给波提欧的【遗物】有什么用之前，想在短时间内集合那么多人本来结盟玉兆就是当下的最优解丹恒又不知道波提欧有其他方法，没看波提欧说话之前你们又知道了，还有说在仙 展开c,0
"原神散兵超话 ❗存档❗

保洁造谣散厨生贺大屏",0
"#星穹铁道知更鸟##星穹铁道2.2# @崩坏星穹铁道
看了知更鸟的千星纪游PV【假若有一双翅膀】，真的有被感动到，这位温柔的歌者从小到大一直记得自己心里的愿望。

小时候自己也经历了战乱，但是妈妈保护着她，还有哥哥照顾着她，这份爱意在心中发芽成长。她用着自己的方式，用歌声将爱和愿望传递出去， 展开c",0
#崩坏星穹铁道##游戏悬赏令#夏日奇谈，星神掀起银河风浪， 的造谣大师，竟挑战星辰之父？ 谜团待解，UNL创作揭晓！期待一场浪漫的星际冒险吗？评论区猜猜，这谣究竟何意？🚀🌌 L庄园聚集地的微博视频,0
"回看这次节奏只有一个想法
你们打商战套路都不变一下吗
排期问题该骂没问题，然后一下午由一个小红书被删掉的帖子瞬间引爆的皮套论
你知道我幻视什么吗
没错哈，一条推特瞬间带来流量的米哈游皮套论
眼熟不眼熟吧你就说
还有更巧合的呢
在米哈游节奏第三四天时，有关于所谓“皮套”原型的推特中 展开c",1
"崩坏星穹铁道超话
虚构史学家开始造谣了
#星穹铁道星期日##星穹铁道2.7版本前瞻#",0
实时播报：【每日科技要闻速递】1. 微软创始人比尔·盖茨6月14日在推特发文称已抵达北京，3年多来首次访华。2. 米哈游新作《崩坏：星穹铁道》海外收入超过《原神》。3. 韩国5月存储芯片出口同比锐减53.1%4. 亚马逊云业务考虑使用AMD的新人工智能芯片。5. 蔚来辟谣：奔驰纯电车将与蔚来共享换电站消息截 展开c,1
"【爆料！腾讯已与暴雪接触至少一年 但大概率不会接手】

近日，暴雪游戏与网易游戏分道扬镳的消息在网上炒得沸沸扬扬的。许多玩家都在担心暴雪旗下的一众游戏会不会在国内停服，若不停服，那么接手合作的下一家会是谁，此前有传出会是米哈游或者腾讯，但都已被官方辟谣。
在11月21日早，网上曝光了一份 展开c",1
崩坏星穹铁道超话 我刷切片发现了华点 内鬼的谣言不攻自破了一年一共365天哪来的700,0
“这根本就不是银狼的苦茶子” #再见匹诺康尼# #崩坏星穹铁道# #三月七# LLPL那点事的微博视频,0
"一般我不怎么在乎游戏饭圈 只要好玩就是好游戏
但是b站有的傻之逼up主说星铁新兑换码是阿格莱亚剧情爆炸 米哈游要黄了的补偿 然后一堆人起哄说米哈游爆炸
结果被证明是个大型arg解谜游戏的一部分
就
要是人设失误就能让公司发补偿我今天就去造谣加拉赫主人私下是是个暴力s 天天把我奶的不要不要的
寒 展开c",0
"#男子欲刺杀米哈游创始人被抓#这压根就是假新闻
都辟谣了。网上那么多自媒体 官方号出来带节奏 鬼鬼，都这么急的出来给背后资本站队！？？！到底谁让你们这么急吼吼的站队？？？你们这个公众号也这么不要逼脸？？？ 2镇江",1
"崩坏星穹铁道超话#崩坏星穹铁道##星穹铁道日常#
讲真看到这里的时候我还以为是翁法罗斯进入了“规则怪谈”的状态，结果是流言啊。可算是明白“三人成虎”的含金量了",0
"丹星🥩——浴池？play！
看了前瞻之后的造谣，全文看🔗丹星超话#崩坏星穹铁道##丹星#",0
崩坏3超话求问问大家阿波尼亚什么会复刻呢为了她重新回坑了，呜呜听了谣言说她在常驻池结果下载完之后没有两眼一抹黑,0
"崩铁都一周年了还有人说刃有白月光...
游戏里的文案是不仔细看的，谣言是要乱传的，别创我了🏳️",0
"种自特别版感想总结：

- 文戏除了新片尾外没有新画面，只有老画面重绘，有些崩得要死的地方甚至没改！机战有不少重绘和改3d，有没有加新画面看不出来
- K回到家的时间还是23:47？
-野餐场面修了不如不修（
- K的心理阴影增加了议长、L和黄毛L在一起的场面
- 到奥布后增加了很明显的玛琉关电视动作和K 展开c",0
